From,To,Time,01/04/22,02/04/22,03/04/22,04/04/22,05/04/22,06/04/22,07/04/22,08/04/22,09/04/22,10/04/22,11/04/22,12/04/22,13/04/22,14/04/22,15/04/22,16/04/22,17/04/22,18/04/22,19/04/22,20/04/22,21/04/22,22/04/22,23/04/22,24/04/22,25/04/22,26/04/22,27/04/22,28/04/22,29/04/22,30/04/22,01/05/22,02/05/22,03/05/22,04/05/22,05/05/22,06/05/22,07/05/22,08/05/22,09/05/22,10/05/22,11/05/22,12/05/22,13/05/22,14/05/22,15/05/22,16/05/22,17/05/22,18/05/22,19/05/22,20/05/22,21/05/22,22/05/22,23/05/22,24/05/22,25/05/22,26/05/22,27/05/22,28/05/22,29/05/22,30/05/22,31/05/22,01/06/22,02/06/22,03/06/22,04/06/22,05/06/22,06/06/22,07/06/22,08/06/22,09/06/22,10/06/22,11/06/22,12/06/22,13/06/22,14/06/22,15/06/22,16/06/22,17/06/22,18/06/22,19/06/22,20/06/22,21/06/22,22/06/22,23/06/22,24/06/22,25/06/22,26/06/22,27/06/22,28/06/22,29/06/22
DUB,LHR,AM,95,130,135,137,94,159,159,90,142,111,133,113,153,134,135,107,153,85,110,117,134,117,120,135,108,123,160,97,158,118,85,125,103,103,86,87,155,134,119,117,137,133,128,86,90,156,147,98,147,158,100,150,107,150,134,93,138,138,112,144,157,127,131,135,137,156,121,105,148,158,108,158,142,96,88,118,145,147,155,98,97,120,117,88,89,149,89,153,142,135
DUB,LHR,AM,152,86,125,107,103,102,132,152,97,112,104,104,147,141,110,142,146,129,149,100,125,85,86,110,90,92,137,158,154,108,149,135,159,104,157,149,92,101,86,136,89,126,151,112,101,95,152,157,137,107,105,141,97,89,106,94,147,87,132,125,147,85,108,144,88,111,98,111,117,88,86,140,102,128,122,95,105,122,119,89,137,90,99,129,159,88,121,104,151,150
DUB,LHR,AM,120,125,91,91,150,87,158,156,108,142,106,137,156,96,156,130,102,93,146,91,107,118,141,139,86,127,132,128,117,131,142,139,98,99,143,128,156,145,159,93,144,93,147,96,90,142,128,128,157,135,100,115,91,86,87,151,103,158,85,108,92,140,147,95,139,129,92,107,104,152,123,156,127,144,129,99,150,124,127,107,154,118,92,159,126,92,155,97,122,117
DUB,LHR,PM,140,85,97,146,103,88,99,141,85,127,152,101,104,92,137,106,160,132,139,101,140,145,111,105,153,144,97,91,97,92,123,131,128,101,97,155,121,86,130,141,86,117,142,98,134,160,158,145,143,131,126,90,116,85,141,126,154,144,129,109,125,124,142,129,158,106,130,130,133,100,123,137,113,128,113,117,139,113,144,134,158,144,126,99,115,142,87,120,138,87
DUB,LHR,PM,111,138,146,159,115,144,90,122,143,137,144,95,140,156,99,145,143,105,92,88,86,115,108,100,154,85,148,132,120,122,86,124,102,144,130,141,137,139,143,127,141,119,111,110,98,99,137,133,140,97,144,90,136,114,151,106,113,95,149,112,153,156,111,158,106,120,119,91,121,128,95,159,121,159,141,131,134,126,138,146,155,133,122,112,116,103,143,110,117,137
DUB,LHR,PM,93,133,140,112,99,126,132,117,120,99,158,136,121,157,130,88,136,119,159,122,123,89,127,138,89,117,155,135,86,95,112,140,152,96,115,88,139,116,90,88,148,87,102,116,110,144,132,154,106,106,111,130,93,98,125,123,102,141,139,137,158,94,140,121,145,107,85,132,139,105,129,158,130,155,124,117,104,117,104,94,85,114,125,158,141,108,102,104,92,144
DUB,LTN,AM,156,132,153,99,97,97,104,136,116,97,99,131,103,86,92,114,117,145,90,132,129,138,134,132,86,93,99,152,149,155,154,153,85,86,155,133,151,148,127,98,98,128,94,123,155,91,158,88,160,105,142,129,117,133,116,101,119,148,95,120,156,94,114,102,139,158,124,129,92,106,157,87,122,106,147,104,149,87,103,88,98,105,96,153,158,160,97,88,145,136
DUB,LTN,AM,153,156,87,120,134,99,124,140,95,112,107,140,87,114,141,137,118,88,89,99,92,95,130,159,158,87,157,137,144,97,145,96,116,127,123,132,96,151,86,150,118,96,100,126,150,116,138,117,126,130,128,89,107,137,144,160,109,149,88,102,136,148,143,121,159,148,104,100,116,142,148,128,123,146,91,129,88,135,102,115,94,108,152,134,120,114,132,88,155,102
DUB,LTN,AM,143,138,107,120,115,112,110,98,129,116,107,149,136,152,147,134,109,112,85,106,98,97,124,110,158,150,95,94,156,154,91,115,87,132,110,100,107,108,145,93,144,98,101,97,113,143,133,139,93,114,152,92,129,137,157,117,151,150,160,106,154,132,104,128,112,155,147,98,98,130,149,145,153,149,96,92,85,142,125,139,108,152,128,95,89,132,113,102,120,91
DUB,LTN,AM,92,145,122,91,122,127,122,113,118,143,87,159,131,95,132,96,149,129,119,153,105,125,111,134,137,142,134,105,153,136,88,154,112,159,154,139,87,120,143,159,145,106,85,123,123,101,86,90,138,96,118,110,110,91,148,93,92,146,96,134,110,101,132,132,110,95,95,150,125,90,147,140,148,115,143,138,160,159,141,138,126,151,150,145,144,103,124,137,157,112
DUB,LTN,AM,108,89,155,141,160,115,143,98,106,103,141,124,119,103,147,104,143,156,110,153,94,136,135,88,87,104,143,85,151,123,131,159,159,128,119,116,107,147,139,114,114,112,153,99,139,96,146,159,153,123,142,96,129,150,107,157,95,115,155,115,91,97,157,105,102,96,140,128,138,130,109,148,100,96,155,91,123,140,148,139,125,124,103,129,133,91,120,109,116,159
DUB,LTN,AM,149,105,134,144,105,148,115,124,121,123,116,98,158,96,99,151,146,111,142,119,107,100,86,149,145,139,88,102,120,145,142,147,132,148,158,142,120,137,90,124,96,102,97,86,148,88,100,129,118,85,149,85,116,113,106,133,130,140,125,152,154,159,135,141,160,148,110,103,90,142,140,87,148,108,139,111,153,130,129,145,85,154,93,130,143,91,99,97,85,155
DUB,LTN,PM,105,107,133,91,86,133,104,88,151,100,136,112,151,104,129,109,127,104,108,116,148,154,154,93,128,157,150,86,119,129,128,98,108,120,138,129,116,86,85,86,157,90,86,109,99,148,134,128,112,145,113,157,111,116,99,117,134,148,148,89,102,121,115,125,156,139,126,96,115,120,117,138,149,153,92,90,151,94,107,128,111,127,113,157,148,134,111,136,124,98
DUB,LTN,PM,119,132,129,145,136,103,127,126,87,128,90,88,149,137,137,119,152,126,143,91,109,134,134,103,120,138,118,100,87,151,105,119,130,154,121,110,105,104,90,115,95,148,127,133,101,138,125,124,150,132,108,108,105,147,141,136,112,113,90,110,141,91,129,127,95,108,153,136,130,129,139,107,129,144,139,156,124,150,131,124,121,160,114,149,100,88,155,151,124,154
DUB,LTN,PM,155,85,133,110,133,110,107,129,131,136,111,96,142,113,155,96,122,89,126,95,129,139,133,96,85,129,124,143,102,86,100,113,91,93,94,153,140,123,86,101,92,154,134,148,98,108,117,127,143,157,98,136,89,96,124,97,89,108,110,104,136,160,139,99,127,159,152,121,119,129,104,130,129,131,106,128,118,137,99,120,96,114,132,123,98,103,123,136,123,115
DUB,LTN,PM,139,140,157,119,104,135,158,116,102,120,107,137,89,86,131,151,152,90,121,94,99,113,155,150,111,96,103,110,92,94,148,149,111,136,118,102,110,124,130,127,104,102,119,103,151,103,150,149,149,138,140,94,159,133,102,97,125,108,90,104,101,123,105,128,158,158,142,158,126,106,92,157,153,156,152,104,137,115,99,157,96,107,157,141,114,130,156,100,131,118
DUB,LTN,PM,128,104,150,112,112,98,154,118,125,133,146,97,114,138,118,149,99,135,96,126,130,127,106,114,153,119,148,136,115,126,138,120,128,140,151,154,95,144,157,87,152,108,133,124,118,119,135,113,138,101,100,150,158,129,111,160,123,123,124,131,93,103,98,133,111,134,124,112,117,156,105,126,89,147,120,154,92,85,140,117,95,124,117,113,131,94,130,112,140,118
DUB,LTN,PM,149,145,88,86,160,92,110,160,96,132,86,152,99,102,115,122,122,137,103,123,116,98,130,158,142,130,147,125,107,156,160,113,124,100,129,123,112,102,94,156,94,85,160,148,92,138,137,144,86,86,127,119,127,87,119,138,153,128,103,148,149,111,156,141,139,90,103,149,123,146,120,116,140,96,112,143,142,102,110,115,128,149,96,116,101,149,159,93,159,121
DUB,LTN,PM,92,86,143,139,94,108,97,127,126,106,148,127,111,98,160,88,143,137,90,147,112,139,108,120,140,92,154,118,128,159,138,136,147,134,99,106,94,137,124,93,118,96,99,118,158,137,104,152,109,142,150,138,129,148,154,152,89,146,129,116,88,152,130,112,110,152,97,108,139,143,122,121,132,160,159,115,121,117,101,149,101,128,156,142,146,115,153,90,145,146
DUB,MAN,AM,119,155,119,118,152,98,158,112,111,86,142,99,120,101,158,109,130,136,155,125,116,93,136,149,96,149,98,85,94,158,125,107,126,123,127,139,143,85,90,120,134,127,89,159,132,112,87,96,107,142,85,121,99,145,148,109,125,153,111,115,91,139,88,159,118,145,127,101,132,140,121,109,151,119,106,133,127,122,87,128,135,157,141,144,151,157,115,108,132,110
DUB,MAN,AM,160,93,136,139,139,131,101,105,139,112,155,149,146,117,95,141,121,94,132,135,135,117,136,155,137,145,134,151,147,87,87,116,101,119,137,122,96,123,99,159,101,126,107,104,126,123,108,131,134,111,114,130,133,98,141,96,142,91,125,133,160,119,120,101,155,136,140,106,147,114,146,140,92,128,95,123,136,90,137,91,143,150,94,129,101,95,152,143,149,145
DUB,MAN,AM,111,86,99,96,104,104,153,105,94,144,150,95,131,142,109,127,149,90,125,114,128,149,102,95,118,114,88,157,150,127,109,160,91,117,136,159,131,112,100,129,106,155,108,126,128,151,154,99,97,132,157,159,131,104,94,106,148,159,125,90,154,107,150,138,125,144,112,137,96,133,118,105,142,124,88,156,89,126,132,87,129,98,125,147,159,100,159,89,139,90
DUB,MAN,PM,91,142,108,144,142,160,113,103,116,89,150,127,97,128,90,104,158,114,104,124,107,134,99,110,94,142,87,137,100,100,85,98,102,153,146,122,121,107,105,117,147,99,148,141,106,142,153,118,134,92,118,105,102,107,143,102,104,91,129,141,99,126,155,160,143,151,94,151,87,160,93,91,90,109,138,95,156,146,121,97,130,108,87,109,113,104,137,153,121,116
DUB,MAN,PM,130,97,131,113,136,124,151,128,87,151,123,99,130,94,152,99,158,105,122,134,87,125,132,111,141,119,148,112,129,105,139,122,140,92,113,150,109,134,112,143,152,136,155,159,87,86,113,128,151,105,94,135,88,134,126,100,130,155,116,149,149,100,159,138,108,152,152,128,147,139,88,113,151,113,154,118,90,133,89,158,159,112,123,121,119,102,159,113,97,137
DUB,MAN,PM,156,113,141,112,89,145,115,87,105,114,92,107,140,116,118,154,90,106,151,143,111,102,136,108,150,129,147,156,100,97,146,153,93,123,99,115,97,128,136,92,117,132,87,131,133,113,92,113,134,123,85,88,132,96,104,133,107,159,104,134,158,86,149,103,145,122,138,102,91,140,126,130,126,112,97,111,92,101,96,154,95,128,158,124,114,103,126,85,132,126
DUB,MAN,PM,115,159,143,105,115,90,154,104,146,123,138,118,110,107,86,112,105,114,114,147,148,128,87,144,126,128,91,109,134,140,152,124,99,85,133,160,159,109,103,143,142,160,159,140,88,127,92,150,106,142,90,145,97,106,100,142,86,103,126,131,98,111,102,154,102,151,157,93,122,153,109,121,139,114,135,146,85,103,157,87,157,118,150,132,137,101,157,121,159,96
EDI,LHR,AM,123,104,109,126,125,152,159,87,95,111,95,110,155,135,117,99,150,131,142,138,134,104,117,142,138,137,151,112,87,138,145,131,87,114,109,158,114,123,151,128,121,102,157,85,99,135,124,144,127,126,154,145,145,156,132,99,143,103,141,123,143,91,97,128,130,156,136,102,119,102,156,157,93,159,103,119,128,94,146,98,150,136,103,137,89,134,133,101,92,97
EDI,LHR,PM,93,160,100,144,85,148,104,137,103,153,140,101,95,149,130,138,126,97,152,128,136,115,87,116,102,150,95,126,133,131,145,103,110,101,158,96,96,115,112,107,93,119,87,149,119,104,145,102,104,145,118,107,143,153,88,113,145,98,153,126,126,96,151,135,135,94,157,135,123,108,125,133,86,155,149,109,106,117,119,140,97,87,119,149,159,158,155,108,150,156
EDI,LHR,PM,87,118,105,159,150,106,122,89,140,90,96,96,128,100,89,110,95,109,146,118,92,112,86,130,153,108,98,105,111,122,144,142,111,105,112,87,120,93,113,149,124,149,134,125,88,112,117,157,157,117,122,146,153,152,144,160,112,122,130,139,146,144,119,143,155,146,113,159,86,110,102,160,125,91,118,96,127,105,104,114,99,122,142,110,138,109,159,158,133,114
EDI,LHR,PM,109,137,160,145,120,137,88,138,104,140,132,133,119,97,90,89,132,106,115,118,118,94,101,138,127,139,112,127,148,99,105,93,111,137,123,129,159,110,89,149,124,136,145,151,94,137,132,135,145,137,156,93,152,147,126,156,123,92,135,155,136,154,128,128,126,139,128,103,157,105,144,137,89,110,86,133,106,144,128,110,90,107,158,110,108,141,141,112,102,160
EDI,LHR,PM,102,136,120,114,109,120,160,94,155,90,131,150,139,124,86,127,141,85,132,154,90,157,112,131,125,108,134,116,155,120,144,137,94,125,115,128,126,119,89,154,86,147,157,157,153,97,152,107,94,88,147,101,111,146,137,155,120,115,119,151,108,133,136,137,131,90,120,136,87,101,128,140,117,148,120,136,108,88,160,87,123,91,148,110,101,129,139,98,110,105
EDI,LHR,PM,117,120,113,129,113,107,150,137,99,97,87,123,146,150,101,108,134,108,157,149,137,141,160,132,104,93,127,106,99,131,125,130,106,89,153,118,90,115,141,142,144,101,99,87,89,154,136,115,158,102,99,140,100,110,133,146,121,114,155,122,158,104,159,85,137,120,95,131,129,109,97,159,134,151,151,135,92,148,122,109,113,111,131,159,155,113,139,100,116,155
EDI,LHR,PM,108,106,138,132,155,108,91,142,117,119,121,124,108,117,90,145,115,131,98,132,139,147,133,132,124,121,139,99,91,109,90,156,128,95,143,117,98,118,156,114,123,142,145,147,151,118,151,138,131,109,89,137,139,113,86,93,105,105,146,87,128,129,158,110,136,111,131,153,136,111,141,151,120,133,98,99,138,125,117,109,144,143,150,129,108,138,113,157,114,97
EDI,LHR,PM,146,96,85,131,139,88,109,131,106,88,128,88,143,85,122,136,95,148,117,118,154,142,119,134,153,139,115,116,149,111,146,112,125,151,112,86,147,131,136,92,157,97,116,146,154,89,86,151,86,139,92,139,135,151,101,138,101,104,100,131,98,85,150,110,109,140,155,112,154,158,156,101,94,152,121,86,154,114,146,142,141,91,102,130,151,138,106,130,132,108
EDI,LHR,PM,148,100,96,95,135,155,111,122,142,91,114,154,93,123,153,100,123,128,128,94,152,85,146,157,145,118,127,101,103,138,100,120,111,138,92,115,113,119,154,126,95,133,92,126,87,130,128,130,98,106,152,126,145,145,100,88,110,150,117,107,123,148,139,118,107,113,115,151,107,116,152,153,92,94,122,103,130,101,125,149,97,128,98,154,105,124,85,114,150,132
EDI,LTN,AM,101,147,139,155,116,112,90,138,144,150,86,92,91,155,112,132,137,148,106,118,98,120,153,143,119,118,151,107,115,154,140,120,89,92,85,86,108,91,106,153,93,155,89,140,138,96,123,156,151,114,141,131,147,86,158,159,121,143,150,112,113,139,112,120,142,87,137,150,154,155,100,87,120,96,150,158,112,105,146,153,135,123,141,88,91,137,87,137,146,87
EDI,LTN,AM,118,151,92,146,139,105,149,153,150,107,115,98,157,155,98,85,110,110,138,157,153,147,124,137,117,148,130,94,130,96,96,124,109,122,127,88,127,148,98,108,109,139,103,129,91,157,142,140,127,141,120,118,129,153,111,131,135,154,115,118,99,155,92,149,158,117,134,134,141,87,151,129,114,150,118,142,123,120,143,155,104,109,130,140,129,160,148,119,137,126
EDI,LTN,AM,136,103,101,91,156,91,135,135,126,112,100,122,105,153,107,94,112,155,111,119,131,151,98,148,121,126,159,101,124,115,114,129,143,136,117,98,113,133,130,93,113,142,142,126,123,156,115,121,106,150,124,86,155,130,145,138,145,105,121,93,85,158,146,128,158,154,100,140,125,150,138,99,150,139,131,85,134,154,147,136,95,144,109,153,156,133,146,124,113,106
EDI,LTN,AM,138,99,136,140,126,138,113,90,154,97,148,97,149,148,109,115,151,129,138,87,137,109,87,127,103,88,140,150,117,103,152,143,115,142,140,115,136,117,112,111,146,121,86,135,117,160,98,129,134,153,144,87,109,135,122,93,87,119,140,155,85,146,160,139,98,159,126,116,100,134,91,151,153,137,108,100,103,104,92,89,104,131,135,133,126,146,102,110,160,105
EDI,LTN,AM,88,139,102,96,129,108,151,107,143,155,146,110,118,156,112,108,140,105,139,122,115,140,135,147,141,106,134,122,125,129,114,115,86,89,125,129,92,95,159,143,97,98,159,109,101,158,136,156,109,160,154,142,110,136,140,145,132,151,93,128,91,149,111,118,135,156,137,91,88,125,98,156,130,125,149,85,155,103,96,92,115,88,101,138,149,141,139,98,103,148
EDI,LTN,AM,97,159,114,124,160,124,94,138,154,89,92,91,88,138,102,97,91,138,122,109,130,148,95,107,103,146,146,142,150,130,125,115,111,142,117,98,139,85,155,144,89,115,93,131,145,90,126,158,108,124,107,128,160,131,138,98,144,151,158,140,129,120,88,120,121,128,130,113,98,99,145,104,143,127,115,96,88,142,122,142,95,111,90,114,159,128,136,141,151,104
EDI,LTN,AM,106,158,143,140,148,86,145,103,143,118,116,93,108,160,132,149,88,101,104,149,146,111,158,95,148,120,131,108,120,151,147,154,151,158,116,95,159,110,129,128,122,159,86,98,124,154,131,120,102,156,121,157,108,110,111,90,98,120,111,133,154,136,139,110,102,114,90,98,160,98,139,110,99,85,98,154,116,93,85,131,94,116,92,144,149,120,129,89,143,148
EDI,LTN,AM,144,141,137,135,138,156,135,130,85,139,91,124,107,121,117,143,150,158,141,155,89,105,109,146,113,124,96,146,159,146,157,104,158,88,96,147,87,90,87,115,142,128,143,117,106,144,160,102,129,100,134,108,89,157,111,128,158,106,88,126,138,142,142,124,143,122,87,119,152,143,95,129,132,106,155,158,108,94,87,123,87,98,88,145,123,121,125,100,94,157
EDI,LTN,AM,88,128,142,141,110,113,103,104,146,152,159,126,109,144,157,113,119,106,109,112,152,116,157,143,96,113,141,139,154,117,137,100,141,86,120,123,109,91,156,132,117,128,140,143,127,113,139,94,129,124,154,149,111,108,87,141,92,130,85,120,114,111,152,99,136,100,148,106,135,100,112,155,154,91,116,141,99,128,158,129,132,136,91,156,108,111,87,149,112,86
EDI,LTN,AM,104,142,137,155,136,123,102,110,140,133,142,144,123,150,95,89,94,94,160,115,90,148,119,98,130,115,126,152,112,159,117,130,155,88,127,85,150,137,115,151,128,85,153,96,104,150,123,146,156,95,115,141,101,136,94,147,137,91,146,113,121,91,139,122,139,155,144,88,101,105,88,94,122,87,89,143,111,112,139,107,136,153,94,112,85,126,121,100,86,112
EDI,LTN,PM,127,108,121,140,98,131,147,144,160,98,121,147,144,104,153,159,153,99,94,127,147,110,158,87,125,140,129,135,144,118,103,98,153,127,104,88,148,138,124,152,157,157,134,105,122,138,140,109,143,145,127,124,109,104,121,143,154,155,104,143,123,101,85,132,105,156,148,139,105,91,158,160,90,153,115,145,159,104,132,104,118,90,85,123,122,160,109,115,134,122
EDI,LTN,PM,97,147,99,101,133,113,96,125,152,116,126,103,90,102,150,157,129,100,87,113,90,159,153,138,132,114,154,107,143,101,92,148,155,89,138,114,86,112,117,160,143,147,119,103,108,92,142,113,119,110,160,96,138,117,144,137,159,95,151,146,98,100,115,103,129,155,93,148,147,118,125,129,118,103,114,131,116,155,140,97,109,151,117,116,127,118,147,108,158,127
EDI,LTN,PM,104,109,110,91,144,121,134,132,96,127,150,122,97,107,107,114,139,99,133,97,149,109,128,91,85,109,136,160,149,128,103,94,119,93,100,87,127,108,85,125,131,95,150,100,125,103,119,155,90,145,94,91,106,90,119,152,136,160,91,148,129,157,114,99,158,118,94,113,107,106,90,124,137,93,90,114,133,140,129,151,103,157,138,109,142,91,87,126,128,151
EDI,LTN,PM,101,113,155,85,135,141,107,85,142,149,130,88,125,94,117,150,113,132,94,128,138,94,135,151,160,151,116,137,125,99,110,91,155,116,133,100,151,159,130,130,156,104,160,129,136,135,117,153,118,136,101,96,108,86,108,110,135,104,96,112,142,112,88,123,133,94,92,126,104,129,117,92,134,158,160,152,91,96,147,95,125,95,119,157,116,116,159,94,133,100
EDI,LTN,PM,129,104,136,141,130,87,98,118,153,104,122,107,147,138,157,145,117,155,117,139,90,155,147,109,135,103,112,144,159,95,148,143,90,153,128,137,100,125,159,133,113,116,137,143,97,112,89,156,155,132,93,159,95,125,106,119,103,92,147,87,117,145,148,85,119,94,150,153,98,133,111,109,101,157,160,101,101,94,139,129,155,113,101,139,109,152,98,91,120,128
EDI,MAN,AM,135,101,111,104,136,140,118,118,93,88,141,146,150,142,111,160,141,118,138,101,112,144,160,148,95,148,92,120,155,147,110,151,143,139,122,134,123,154,119,95,102,142,137,145,110,98,120,115,108,102,104,116,93,143,129,155,113,90,121,93,89,150,141,155,114,154,160,153,121,149,116,109,118,85,139,120,123,149,154,138,111,105,111,118,126,160,120,106,134,138
EDI,MAN,AM,106,98,150,111,160,107,130,155,122,111,134,150,101,144,108,113,119,135,98,133,103,151,154,148,145,140,139,108,87,86,98,125,118,149,130,140,96,132,153,160,104,128,139,132,139,97,90,131,138,91,96,137,97,95,105,155,111,95,117,160,110,102,94,115,154,101,99,158,90,142,114,114,159,114,147,138,111,119,136,139,148,95,151,95,146,119,85,103,146,106
EDI,MAN,PM,110,145,145,105,98,88,96,148,97,152,145,86,113,134,123,141,132,146,157,120,153,100,94,85,130,120,148,132,135,118,139,119,90,86,116,98,151,155,122,110,156,85,92,94,159,89,109,100,94,153,146,108,109,95,139,151,89,128,136,142,93,109,87,103,123,85,139,99,138,132,136,100,120,159,157,155,160,99,102,108,160,100,145,154,111,120,117,92,88,101
EDI,MAN,PM,159,148,155,89,101,99,107,160,121,159,139,145,146,158,108,96,149,138,152,115,109,113,151,155,156,117,135,113,125,144,127,122,146,108,159,152,106,153,160,86,91,156,118,121,132,118,123,141,91,101,128,94,140,88,124,119,106,117,147,95,145,129,111,135,111,145,108,140,157,117,141,90,138,104,120,105,127,141,92,135,96,96,117,124,111,126,149,89,109,107
EDI,MAN,PM,101,122,137,101,134,135,144,154,117,142,126,108,148,147,103,88,157,119,125,137,124,94,119,118,116,96,98,125,111,128,150,136,137,97,129,114,97,133,133,157,126,102,119,90,100,149,146,86,141,127,90,139,133,96,128,135,116,157,122,126,99,159,148,149,127,113,127,110,137,144,152,110,97,144,130,123,131,100,138,88,118,86,151,90,99,142,95,141,123,100
EDI,MAN,PM,99,148,150,121,94,120,141,125,120,98,105,101,133,109,136,116,105,112,151,156,133,129,95,148,152,132,118,119,128,104,121,120,111,147,99,129,116,91,120,125,112,93,129,128,131,120,128,114,105,148,97,147,123,150,158,121,107,124,152,94,158,115,101,105,116,108,100,112,105,159,123,102,95,130,132,112,150,138,91,119,114,124,151,160,102,140,152,114,101,136
EDI,MAN,PM,129,157,158,130,102,118,86,121,117,135,120,145,98,142,136,108,87,111,133,136,89,145,131,144,125,141,92,155,143,92,108,112,100,104,124,86,156,134,146,144,128,113,90,85,86,146,118,91,142,100,137,129,141,120,98,158,141,119,92,153,88,114,98,140,90,124,122,93,157,111,160,140,95,148,142,150,107,118,126,136,112,89,127,118,135,143,109,111,117,117
GLA,LHR,AM,144,119,107,154,114,128,127,151,87,127,107,144,143,143,131,112,93,152,91,85,141,89,151,159,96,152,100,141,85,118,110,89,120,147,142,89,103,141,138,94,138,150,132,136,101,113,95,144,120,95,144,150,141,143,93,158,157,117,92,92,159,138,114,103,144,90,136,156,132,142,148,123,107,86,91,112,127,152,120,106,155,101,152,88,125,89,148,158,120,92
GLA,LHR,AM,108,160,153,138,114,127,107,97,128,159,136,125,98,126,137,102,157,132,147,116,124,145,104,99,89,109,154,103,124,123,92,112,141,89,89,95,157,153,150,104,139,104,151,153,145,99,152,101,121,134,89,118,108,131,117,127,114,144,86,110,149,149,139,101,133,103,118,130,159,96,90,156,159,151,95,114,140,88,105,102,97,111,110,86,90,153,118,135,146,101
GLA,LHR,AM,100,154,115,91,110,89,88,108,94,135,133,143,145,130,154,89,133,111,99,118,152,118,158,131,151,135,115,157,106,120,148,100,146,99,89,97,91,131,136,153,92,90,143,156,89,98,93,115,132,147,139,100,127,154,117,110,113,111,85,99,160,121,126,95,140,88,133,149,124,124,120,153,93,141,106,152,107,125,97,88,120,97,127,86,106,155,111,86,117,98
GLA,LHR,AM,154,120,129,127,144,128,104,85,155,88,105,106,132,112,104,125,149,108,119,142,124,92,144,157,104,156,154,107,160,139,88,113,154,90,127,123,98,126,150,151,115,138,104,145,116,109,122,96,135,151,159,87,153,102,149,100,126,112,94,100,107,148,160,142,116,91,109,128,128,96,113,160,112,109,101,152,139,158,142,146,129,131,91,117,159,92,145,122,109,117
GLA,LHR,PM,100,95,130,94,111,93,141,143,124,119,121,107,131,107,156,145,113,117,145,141,105,89,138,127,152,125,117,135,140,160,126,139,118,103,152,118,130,157,111,139,154,126,120,123,137,89,159,139,137,136,92,132,99,130,97,134,120,101,87,115,157,151,107,115,107,111,88,113,139,127,92,150,92,106,99,101,123,135,157,110,110,89,121,147,114,122,97,113,134,152
GLA,LHR,PM,149,85,160,106,121,152,160,118,139,159,127,102,129,154,117,115,155,102,96,109,124,129,141,125,136,99,141,111,134,91,89,108,120,128,127,92,85,147,148,143,151,85,89,140,115,149,86,117,122,100,112,148,112,145,140,159,127,112,151,127,95,130,95,94,131,90,128,131,139,103,157,107,104,154,133,145,155,114,89,91,88,109,102,101,127,138,126,101,145,143
GLA,LHR,PM,137,97,144,91,150,101,85,91,134,116,124,133,131,116,103,155,96,149,111,144,89,146,106,152,149,117,159,141,86,128,143,158,137,160,99,160,97,97,114,126,91,97,127,110,109,112,98,144,94,91,89,133,152,158,105,87,141,148,109,87,116,154,129,103,143,137,139,156,143,141,130,111,138,101,158,109,93,148,110,151,88,125,107,115,150,131,136,149,127,100
GLA,LTN,AM,88,150,134,127,137,115,100,129,105,102,93,107,115,150,117,159,95,134,126,113,128,130,101,91,129,108,133,90,134,141,133,94,129,129,157,118,126,155,139,95,160,109,116,92,95,151,113,122,155,132,154,119,93,114,154,115,128,138,117,99,131,112,125,85,151,133,155,91,131,96,129,142,156,119,149,125,159,115,119,105,138,134,110,88,108,154,141,87,130,142
GLA,LTN,AM,121,89,137,126,132,132,92,158,104,120,148,91,122,85,116,113,156,111,135,156,101,104,104,160,145,136,110,149,86,146,113,137,136,113,117,119,112,113,145,100,141,133,129,91,150,127,133,152,130,159,118,158,97,114,85,111,116,142,103,145,103,103,107,101,116,131,87,97,140,117,103,111,146,107,90,149,155,146,154,116,95,154,113,153,148,122,100,131,133,105
GLA,LTN,AM,151,101,101,94,115,125,112,122,110,124,159,95,106,86,153,124,125,150,121,125,130,97,141,156,116,134,102,132,119,107,85,115,94,112,121,160,89,125,121,146,126,123,89,86,152,129,149,100,107,112,138,91,149,103,119,127,117,154,109,139,142,97,116,129,97,96,148,125,87,116,96,133,103,135,111,123,157,159,158,160,115,141,143,108,128,148,138,149,99,157
GLA,LTN,AM,113,158,96,159,94,121,132,111,146,152,87,123,89,94,119,143,91,89,152,121,111,132,145,126,149,108,112,126,96,142,160,85,134,85,114,131,127,152,144,122,112,155,134,115,130,94,94,150,100,153,130,142,85,103,98,151,147,106,146,88,111,125,156,121,89,88,116,93,95,132,97,151,129,120,140,120,128,121,142,105,87,157,149,98,114,102,130,116,123,150
GLA,LTN,PM,89,96,115,123,156,85,119,158,148,128,116,116,96,131,141,150,146,94,143,129,145,160,138,160,100,124,110,92,156,102,90,130,151,143,158,126,88,91,113,98,88,119,111,142,132,95,106,125,148,93,135,156,131,100,142,144,154,133,145,155,136,119,107,117,142,101,148,111,106,138,156,128,156,141,145,159,125,135,155,145,151,91,150,85,98,96,130,151,149,135
GLA,LTN,PM,91,152,103,102,113,111,101,156,88,96,137,151,149,157,98,125,147,132,102,98,130,101,159,139,89,120,99,114,142,85,119,133,134,132,125,160,147,107,114,123,93,143,146,159,121,151,130,115,102,87,88,116,92,91,119,135,127,149,128,140,133,98,102,119,97,100,131,153,157,115,157,138,133,91,92,93,127,155,153,139,94,155,94,145,137,111,120,145,115,89
GLA,LTN,PM,139,93,128,146,102,122,104,87,115,116,108,140,129,87,97,136,96,123,105,87,93,103,91,147,114,137,114,127,114,89,148,147,151,159,116,101,93,118,123,133,146,123,133,108,140,117,101,158,108,139,126,91,102,133,107,104,154,112,123,151,100,128,109,133,131,130,98,92,149,101,114,94,117,157,92,146,87,93,149,141,97,129,141,101,127,131,122,135,155,149
GLA,LTN,PM,160,133,138,149,105,108,88,104,110,113,101,97,89,91,146,115,111,151,145,130,143,129,160,144,117,103,153,158,106,132,108,115,149,149,133,111,145,127,112,139,153,150,112,102,119,144,119,145,89,141,109,124,96,95,155,149,142,94,131,132,157,159,135,87,109,89,110,105,93,119,140,112,92,124,88,152,119,107,100,153,152,150,106,106,94,128,129,153,92,154
GLA,LTN,PM,143,108,92,129,126,109,91,113,135,151,101,149,127,131,107,130,85,85,125,159,155,125,107,92,145,123,89,149,121,111,153,93,150,145,134,129,113,113,111,112,104,86,155,152,158,151,129,120,122,153,135,86,99,158,152,100,100,114,88,109,150,143,114,112,115,138,107,114,134,87,112,153,117,88,144,111,106,93,114,147,147,87,110,92,127,107,85,127,86,88
GLA,MAN,AM,96,142,112,110,160,136,144,129,88,100,141,91,102,131,122,137,122,88,133,147,143,146,157,121,99,97,149,123,148,88,128,147,149,110,150,89,142,88,121,130,122,94,132,123,123,149,150,109,86,123,88,124,102,103,134,152,125,127,119,105,123,123,91,122,128,106,97,114,88,117,88,129,98,109,151,95,119,97,117,141,145,156,116,89,91,144,97,145,127,158
GLA,MAN,AM,153,140,114,127,145,153,151,93,98,137,141,88,154,95,113,152,111,158,146,98,104,87,116,132,119,92,122,110,136,134,141,86,131,148,134,98,133,101,147,145,86,157,98,103,102,114,127,135,145,107,142,121,140,85,151,156,103,108,149,142,130,142,92,86,131,137,155,159,105,95,132,150,104,107,125,125,126,157,142,108,147,113,157,160,90,134,151,128,159,88
GLA,MAN,AM,100,133,137,100,118,137,135,122,142,131,97,147,92,137,130,128,150,158,141,85,132,133,145,113,100,102,91,145,114,124,134,142,91,111,105,94,139,116,102,122,127,147,145,136,155,146,137,108,122,151,117,105,129,131,150,141,115,105,89,130,98,100,116,124,112,149,139,97,101,155,101,87,115,145,143,117,104,100,142,141,97,157,102,102,130,103,89,96,150,117
GLA,MAN,PM,152,145,150,89,98,119,85,95,123,157,127,98,120,108,119,119,123,96,120,114,110,103,146,98,141,88,152,126,90,156,159,102,140,102,121,103,116,156,125,85,136,114,86,146,156,97,123,115,147,144,128,153,125,119,114,101,108,107,145,121,132,112,160,134,114,96,106,148,103,121,153,139,136,116,91,116,104,110,99,141,121,143,123,112,128,120,89,145,88,122
GLA,MAN,PM,105,99,111,86,94,91,99,99,89,109,85,150,135,101,142,92,117,124,85,116,99,133,136,152,108,106,96,151,107,104,112,127,146,121,149,105,117,93,154,117,99,107,100,130,143,150,115,119,119,135,111,95,128,152,130,97,94,145,91,155,112,114,142,93,139,119,113,105,133,86,110,157,160,116,125,142,120,133,92,110,124,145,143,129,136,159,142,157,125,86
GLA,MAN,PM,93,111,113,131,117,95,121,143,138,125,88,85,124,117,126,127,155,130,109,126,104,105,113,89,122,117,127,142,113,128,128,97,86,118,105,126,122,137,152,89,87,85,149,113,90,136,120,102,125,90,87,130,95,116,108,109,147,85,89,114,106,117,153,90,114,124,90,151,141,127,109,85,94,139,121,136,137,138,136,113,127,93,95,117,85,158,146,146,143,154
GLA,MAN,PM,160,159,155,111,131,157,91,129,151,137,150,127,90,145,158,93,107,121,113,109,134,138,121,120,103,137,141,97,151,126,125,111,99,134,133,89,109,147,116,119,157,155,95,135,152,152,157,151,95,98,124,146,101,128,115,95,85,113,136,131,121,153,91,132,93,152,138,143,106,125,131,97,144,117,139,130,90,157,147,112,115,140,124,87,136,86,159,135,152,132
LHR,DUB,AM,102,123,135,117,180,121,108,102,112,159,165,162,120,145,85,94,135,96,97,169,138,126,147,128,159,96,92,88,91,172,133,168,104,160,118,127,117,124,91,159,138,89,153,95,137,142,115,97,98,180,102,101,121,97,137,156,156,90,86,138,103,129,108,167,103,109,97,142,95,137,140,102,122,167,138,144,130,134,155,118,88,108,151,90,141,132,139,145,93,114
LHR,DUB,AM,89,170,107,168,92,173,160,156,173,90,180,125,178,128,157,139,143,101,173,109,169,86,174,86,156,103,160,123,147,119,137,174,87,145,105,163,87,125,89,138,85,161,97,165,120,86,90,175,113,103,137,110,130,90,138,170,117,113,103,137,163,128,85,97,169,139,104,128,136,134,161,168,103,173,152,111,116,123,102,125,88,122,166,157,142,111,106,117,129,170
LHR,DUB,AM,122,111,179,172,108,142,115,101,131,176,172,109,163,106,93,159,144,170,87,112,118,88,97,92,105,155,173,118,112,143,153,124,180,170,118,88,99,156,155,128,159,179,92,145,143,136,173,129,142,115,143,159,167,101,116,97,85,117,117,129,177,154,118,131,115,140,145,175,123,114,170,149,102,107,113,90,99,105,99,170,110,173,168,148,89,117,100,141,146,176
LHR,DUB,AM,156,95,94,101,163,168,175,150,114,165,110,152,166,93,151,144,174,110,93,119,93,94,133,167,86,101,144,150,160,143,180,128,166,110,91,132,126,92,128,122,117,135,131,88,161,136,109,119,172,102,94,110,102,178,179,86,87,143,125,87,149,100,104,165,138,120,146,173,102,173,149,135,135,106,126,109,106,117,163,160,142,108,157,95,144,135,155,133,126,158
LHR,DUB,AM,129,120,175,118,149,152,141,99,101,103,179,105,85,169,87,119,124,101,103,134,92,106,136,129,136,109,139,173,154,156,144,117,95,86,169,120,106,151,95,90,163,153,157,111,123,119,97,112,169,105,106,134,157,95,129,95,180,165,89,139,89,119,106,174,172,139,100,95,94,121,168,176,151,141,96,102,114,175,152,93,145,139,135,132,134,145,123,146,111,130
LHR,DUB,AM,100,117,102,172,125,172,140,103,130,87,92,99,98,136,158,85,102,148,132,96,149,119,96,165,102,136,160,178,96,147,120,144,153,104,171,110,164,103,149,153,159,160,141,179,163,100,99,127,116,177,150,115,123,103,90,104,123,126,101,108,179,102,180,176,167,128,153,131,143,161,138,146,93,148,168,138,135,161,171,100,96,89,101,104,128,163,122,179,175,105
LHR,DUB,AM,87,98,179,87,130,108,100,167,143,94,141,120,154,85,89,110,109,92,124,162,101,87,121,163,161,142,156,109,154,135,108,116,164,155,142,99,153,169,121,139,176,180,106,179,95,96,168,158,107,100,139,163,93,121,140,103,134,173,141,175,126,95,117,145,179,86,111,145,153,149,96,161,122,103,86,105,114,155,89,96,122,93,155,137,173,145,175,116,91,147
LHR,DUB,PM,124,165,114,95,134,124,170,135,122,109,114,120,99,94,112,134,175,102,132,132,91,121,168,129,154,175,119,149,87,86,101,135,147,107,161,133,97,114,114,154,126,167,115,95,144,106,118,97,156,179,100,179,153,168,122,107,157,172,121,164,165,129,125,157,149,144,103,104,117,116,105,137,94,173,116,163,99,94,96,99,97,92,176,133,94,158,161,113,175,166
LHR,DUB,PM,135,165,104,135,125,144,136,117,126,140,156,177,87,111,160,96,111,140,86,153,132,102,100,99,147,99,109,149,139,162,91,161,170,102,86,95,138,133,102,136,143,130,169,139,102,92,110,171,123,141,161,120,105,144,134,145,142,126,154,116,138,127,164,92,128,153,96,108,129,110,174,116,88,110,139,134,132,122,125,97,150,157,148,142,143,149,139,107,85,108
LHR,DUB,PM,178,135,149,130,126,137,155,168,152,158,164,168,149,168,134,85,144,120,131,172,168,168,96,167,116,178,130,157,172,129,173,168,159,170,120,127,133,125,106,135,115,140,152,138,160,155,130,137,108,148,106,123,129,164,160,155,178,109,89,111,145,156,111,157,124,145,117,180,146,138,168,171,124,157,131,99,126,154,151,163,106,136,133,132,95,113,122,133,169,90
LHR,DUB,PM,165,132,90,117,122,102,128,178,131,161,130,111,108,102,126,123,114,129,128,136,138,152,170,96,133,153,141,98,159,128,165,118,180,104,159,111,86,140,164,164,134,117,136,145,172,129,144,88,179,85,110,92,112,108,118,165,137,144,171,173,165,96,178,178,155,140,91,102,165,138,148,123,171,116,157,178,99,177,94,122,111,89,170,152,151,133,146,107,164,177
LHR,DUB,PM,149,155,85,116,142,178,134,87,165,90,100,85,103,91,90,113,167,130,144,119,146,150,95,165,161,172,139,159,107,142,164,177,90,164,169,102,147,131,161,141,117,85,129,87,111,88,159,120,143,171,133,167,112,88,163,128,125,103,123,146,169,143,122,166,112,111,116,151,157,161,173,177,93,165,122,180,138,166,90,157,142,159,175,164,169,162,156,104,143,101
LHR,DUB,PM,167,160,134,124,88,180,137,97,163,172,136,179,128,165,143,135,161,95,124,100,109,101,172,99,89,167,168,155,92,102,88,100,171,139,142,105,133,93,122,138,164,162,139,99,147,147,137,127,134,142,161,138,85,137,102,123,108,123,102,180,94,180,137,101,177,103,132,170,105,157,133,140,148,100,120,97,180,158,138,88,148,174,153,123,100,171,153,156,88,143
LHR,DUB,PM,90,177,107,180,180,101,93,141,100,170,174,107,114,154,143,161,153,107,128,161,121,125,101,154,101,121,151,87,95,97,102,137,150,138,164,156,108,176,120,167,93,177,118,114,130,180,138,168,143,86,98,129,165,89,102,107,94,165,166,168,177,178,172,123,117,155,97,180,101,99,154,132,163,106,180,178,155,90,112,169,97,117,86,170,139,91,176,101,178,109
LHR,EDI,AM,103,117,167,135,169,103,128,116,172,89,117,111,96,177,159,93,95,143,94,95,119,150,101,126,164,139,168,105,128,120,158,117,165,86,162,122,117,113,163,111,134,175,108,167,137,143,131,107,123,129,151,118,147,116,130,128,89,144,142,99,108,108,97,111,128,164,142,172,150,136,178,158,104,145,133,88,133,156,138,157,100,98,111,168,111,144,176,168,144,134
LHR,EDI,AM,148,180,111,125,89,139,132,123,164,97,123,171,159,86,161,123,170,140,148,161,104,121,105,154,162,180,124,175,102,180,132,160,156,90,104,177,133,154,133,87,146,149,166,175,118,105,87,159,153,112,104,117,97,150,145,130,160,136,109,103,102,119,150,168,137,157,142,163,112,179,106,156,85,130,174,125,131,135,113,126,158,143,102,167,103,90,130,166,111,91
LHR,EDI,AM,90,162,144,157,119,180,116,93,97,150,88,117,174,88,142,102,100,110,170,122,120,91,170,157,102,88,112,135,125,102,178,146,152,111,137,108,179,156,130,91,125,154,114,105,107,112,101,165,176,135,146,160,116,91,149,159,151,113,155,112,117,167,100,123,142,142,110,92,107,91,91,95,135,111,86,93,98,162,121,154,154,103,144,178,86,89,85,163,147,101
LHR,EDI,AM,150,169,145,92,128,135,154,96,160,158,130,175,159,113,158,169,134,92,97,110,133,166,175,151,170,172,152,167,113,116,176,147,92,144,101,92,150,86,174,168,129,96,91,179,179,116,134,94,127,173,94,150,176,85,178,155,133,147,148,176,116,114,114,155,96,125,179,166,172,96,166,173,128,151,175,149,164,138,118,85,106,114,175,106,96,146,98,98,95,165
LHR,EDI,PM,151,90,136,90,133,147,166,152,116,169,90,95,86,144,145,140,146,88,118,163,121,96,96,147,113,138,177,87,150,178,120,92,127,156,112,127,115,147,94,95,140,127,99,155,90,121,149,166,129,108,143,114,108,127,105,102,108,99,160,93,102,137,120,152,117,88,97,142,151,158,141,89,94,140,121,158,113,145,147,118,146,180,157,141,175,160,177,137,127,168
LHR,EDI,PM,98,91,162,139,85,134,138,112,146,138,103,134,91,100,111,104,161,167,86,102,97,119,149,103,86,100,134,136,143,94,167,146,165,179,140,102,96,175,93,173,175,139,129,150,150,91,89,95,144,135,104,97,102,179,135,149,158,173,159,128,167,164,147,89,85,152,159,118,136,103,124,128,109,91,87,161,172,129,119,138,177,97,112,166,176,142,90,85,102,111
LHR,EDI,PM,156,142,118,172,89,121,171,176,95,108,134,169,87,111,108,86,90,151,168,127,119,85,98,177,105,163,139,101,150,154,140,117,107,175,122,90,100,151,90,165,167,110,103,122,179,103,131,135,139,147,153,157,86,169,155,90,125,127,95,86,95,151,98,95,169,146,169,169,117,166,131,117,103,97,86,167,89,100,106,167,130,148,161,96,110,91,129,145,180,173
LHR,GLA,AM,179,135,105,134,112,101,132,99,102,144,96,98,111,178,118,120,122,133,109,90,156,160,158,150,127,96,90,124,101,101,139,125,105,172,159,129,115,162,168,121,123,176,133,149,163,132,99,95,95,155,104,138,109,99,140,101,108,155,100,92,168,104,97,135,103,174,125,102,122,85,175,131,107,102,120,107,153,127,106,180,176,165,142,103,90,151,106,115,91,115
LHR,GLA,AM,164,157,136,127,130,123,143,125,115,161,170,103,177,115,86,142,174,133,134,124,173,131,118,87,97,128,167,90,166,131,149,113,106,136,110,120,152,107,91,172,116,178,122,141,133,107,143,141,172,156,122,146,142,145,86,120,103,132,147,138,179,160,145,102,129,92,86,170,119,90,173,147,153,100,116,171,111,103,129,124,152,92,125,165,179,86,129,121,115,179
LHR,GLA,AM,110,87,165,154,128,121,86,117,150,132,145,122,130,137,93,149,126,137,93,107,126,92,122,156,173,115,154,91,113,106,159,131,176,108,168,101,122,138,177,103,95,152,178,110,105,149,178,178,131,101,91,106,114,122,138,137,118,137,122,97,116,125,132,176,118,156,100,172,130,150,175,120,168,107,162,92,164,111,92,118,106,160,101,168,136,98,138,168,175,178
LHR,GLA,AM,177,146,95,88,170,123,105,117,128,156,122,153,162,138,98,128,141,142,112,91,133,139,104,135,162,130,106,127,90,107,146,158,109,118,139,162,151,144,160,158,167,171,95,96,169,178,86,94,89,119,122,92,152,102,167,126,110,146,87,163,138,159,132,151,127,110,116,100,122,167,144,166,87,89,162,149,113,140,164,144,138,168,175,123,94,157,155,155,127,122
LHR,GLA,PM,173,179,124,166,177,116,120,106,131,113,141,154,144,87,126,119,111,112,94,172,98,158,97,179,168,120,178,127,89,123,167,149,174,132,165,121,131,109,90,176,179,162,108,148,173,127,106,135,111,173,119,91,164,108,121,135,174,105,137,143,105,103,120,98,167,152,121,151,132,117,162,139,176,137,162,148,109,172,155,163,121,124,88,163,111,87,125,88,111,157
LTN,DUB,AM,121,137,111,87,134,159,141,173,131,132,145,87,102,87,121,167,140,150,91,126,133,102,144,179,92,135,140,173,148,100,145,111,155,122,163,109,161,108,108,146,124,92,148,123,120,162,88,108,97,142,142,178,170,177,146,127,124,131,146,147,177,139,139,167,148,169,129,119,92,87,147,109,107,148,118,172,141,125,151,120,157,125,160,120,144,141,116,131,85,139
LTN,DUB,AM,125,149,100,114,128,156,106,117,175,108,110,100,137,101,138,139,132,161,147,125,96,132,136,136,116,170,153,180,149,119,131,118,96,160,107,173,100,107,145,113,164,128,166,121,180,94,160,116,159,140,170,130,143,117,167,178,168,143,149,125,151,173,180,144,145,172,114,176,152,178,146,92,141,116,96,118,137,130,177,104,96,120,101,95,89,94,126,173,110,106
LTN,DUB,AM,146,104,166,180,154,110,106,153,111,125,102,167,179,140,106,175,134,111,158,146,120,134,131,85,109,113,90,145,160,175,98,133,117,126,125,92,169,99,95,140,124,124,121,88,113,131,130,168,90,96,153,157,92,177,156,156,129,128,169,153,90,148,92,103,161,134,146,150,170,103,146,146,141,124,141,149,86,162,143,133,171,104,93,124,166,141,163,132,128,152
LTN,DUB,AM,90,88,143,101,160,148,138,157,167,160,178,119,148,126,122,88,172,168,155,171,88,98,174,158,174,148,151,164,172,168,168,172,88,138,149,178,152,141,89,137,156,170,147,136,146,122,152,91,127,156,155,95,161,131,109,127,96,144,119,122,93,167,154,103,173,169,89,114,142,133,147,164,122,145,134,116,118,158,162,94,117,134,129,90,112,123,140,163,159,146
LTN,DUB,PM,146,86,107,178,180,132,151,172,102,173,150,147,110,138,132,159,160,120,173,173,99,163,139,176,86,163,168,179,92,129,104,101,111,95,91,175,127,104,153,175,150,138,142,154,173,122,118,105,113,120,142,153,156,170,146,159,163,116,91,99,91,103,88,106,179,163,154,117,167,124,139,153,127,96,115,91,110,169,97,99,134,125,117,146,94,157,165,135,142,126
LTN,DUB,PM,116,144,138,175,149,161,110,99,142,93,144,96,165,146,161,137,108,122,144,86,119,133,169,172,179,104,145,93,147,135,178,140,167,142,119,120,171,130,100,107,166,179,133,131,148,90,132,143,121,89,146,122,88,138,127,157,126,150,109,95,86,100,123,115,180,177,90,136,179,160,120,112,95,126,167,168,85,118,112,90,151,115,85,154,90,117,161,169,89,162
LTN,DUB,PM,169,133,125,113,127,107,155,174,136,108,153,110,90,129,169,94,178,87,118,152,98,155,129,165,117,170,157,157,121,117,141,88,156,142,120,113,95,100,141,143,149,144,158,131,163,151,98,147,115,179,174,85,94,144,158,116,88,103,142,162,153,136,176,111,170,86,120,136,163,146,123,150,127,179,164,115,112,168,107,92,99,149,132,163,177,109,170,149,140,149
LTN,DUB,PM,163,179,132,164,145,169,129,114,146,153,158,171,138,143,141,154,157,169,119,131,122,101,89,172,102,130,166,87,104,128,149,90,158,167,177,163,131,129,103,141,106,165,131,163,146,108,136,86,148,170,151,168,154,160,153,151,138,158,112,111,171,157,171,154,109,133,89,98,175,111,171,150,128,120,150,167,113,121,111,154,107,101,124,171,144,162,152,113,126,134
LTN,DUB,PM,165,108,159,151,163,158,114,101,172,114,98,167,120,116,150,134,130,134,152,127,91,151,135,167,99,117,96,98,168,109,126,134,86,93,126,166,175,125,113,152,112,148,154,154,107,151,96,167,90,163,163,163,136,134,160,108,149,141,110,124,100,102,99,111,158,141,145,119,172,152,138,176,173,146,162,136,145,158,158,174,165,173,139,140,92,123,141,123,109,136
LTN,DUB,PM,129,162,105,126,108,160,133,127,180,88,102,159,119,153,123,100,166,148,173,172,162,153,125,160,129,137,164,102,113,86,115,105,169,95,137,158,134,132,149,156,105,176,110,148,123,139,99,154,106,120,95,91,104,119,132,110,163,148,142,142,105,88,120,120,154,170,135,163,97,118,117,134,166,117,93,110,164,114,114,152,112,141,121,128,154,100,88,99,166,179
LTN,DUB,PM,107,109,136,133,91,157,130,120,153,100,133,126,96,97,158,135,166,158,150,97,132,97,170,145,124,164,157,109,110,129,163,137,137,102,96,114,137,99,108,99,119,109,120,105,102,137,106,175,87,175,135,102,166,139,102,177,87,169,106,138,125,166,117,99,119,91,164,105,178,88,87,161,139,136,141,100,85,88,174,157,105,104,125,119,145,100,122,150,137,130
LTN,EDI,AM,94,147,114,163,176,140,138,162,111,102,167,97,105,151,166,102,163,102,135,169,118,116,126,125,100,164,153,153,107,93,87,112,154,114,93,104,110,88,112,138,117,90,176,96,104,105,120,143,142,126,176,161,142,102,103,99,131,148,173,131,168,85,171,178,146,94,129,114,118,108,91,154,89,123,90,138,130,88,113,175,121,165,88,154,139,171,147,134,130,105
LTN,EDI,AM,131,116,136,178,180,129,162,170,174,110,174,124,150,152,160,158,91,134,92,85,158,88,90,170,139,85,103,170,141,90,152,105,95,96,139,89,164,142,124,179,113,107,102,165,114,105,177,136,114,179,135,95,163,158,158,135,123,175,143,132,140,161,117,116,117,162,122,141,89,103,125,125,123,103,122,115,89,99,100,115,125,87,157,135,118,129,136,150,96,176
LTN,EDI,AM,130,130,132,115,180,160,131,93,160,159,130,157,110,106,131,113,143,143,167,109,128,86,102,100,148,154,153,144,94,131,169,105,93,112,134,176,127,151,163,117,128,123,168,138,151,123,89,100,155,85,175,178,147,165,160,95,105,177,114,174,167,86,86,113,103,144,123,129,139,102,110,145,133,98,119,153,166,156,170,171,96,120,130,124,167,130,115,118,136,114
LTN,EDI,AM,94,176,127,90,94,128,91,101,144,173,142,160,156,169,176,87,125,162,167,139,153,99,121,114,152,119,132,129,86,117,114,149,102,129,168,156,133,93,135,112,142,141,117,119,103,86,99,103,101,111,108,161,108,156,107,125,119,95,137,151,142,145,148,147,125,125,166,139,95,106,106,170,146,158,154,145,106,158,107,179,104,113,128,96,149,104,86,139,94,154
LTN,EDI,AM,95,129,167,106,109,142,105,129,169,167,132,168,97,155,145,153,164,114,149,113,97,95,90,114,134,179,180,96,105,177,140,127,169,137,125,137,105,85,177,139,171,173,99,123,133,102,148,171,131,101,99,126,179,104,104,86,127,122,89,170,102,157,93,136,107,118,148,88,86,143,125,138,86,147,132,101,149,102,151,130,91,149,149,167,118,97,146,158,119,107
LTN,EDI,PM,86,165,88,134,148,95,178,106,140,126,153,144,85,172,90,134,143,91,124,151,173,111,151,152,109,116,180,130,127,108,159,116,115,140,114,152,92,85,105,162,124,160,152,156,151,139,131,157,107,107,146,158,99,104,131,96,130,176,92,85,145,159,110,132,134,162,150,94,92,141,156,156,96,143,97,150,152,148,161,128,154,87,122,145,158,145,160,119,174,146
LTN,EDI,PM,171,178,115,96,123,99,167,150,138,113,85,116,121,165,158,119,107,148,161,176,97,92,85,107,121,123,166,141,176,92,137,180,88,148,98,167,170,147,128,110,135,137,154,143,160,145,128,90,162,171,155,159,115,167,93,100,169,141,134,143,89,131,139,144,101,152,117,90,170,128,143,172,150,105,149,91,135,155,118,158,101,92,166,98,115,116,176,161,99,88
LTN,GLA,AM,115,139,155,155,168,171,175,109,132,106,120,116,123,119,89,176,179,177,133,162,147,104,135,103,140,125,124,172,149,176,167,102,107,110,143,174,155,105,104,165,166,100,179,94,122,116,176,116,131,109,132,156,155,128,89,112,112,115,164,113,109,161,157,167,115,159,113,94,166,157,142,159,106,147,172,95,112,170,172,141,130,180,109,118,141,132,95,137,158,130
LTN,GLA,AM,146,146,118,167,179,179,97,144,177,141,109,123,170,146,102,167,147,118,98,103,175,160,111,141,128,111,165,125,144,139,165,105,137,159,162,93,91,155,139,169,173,133,117,132,161,144,177,129,133,160,154,151,134,118,145,124,97,89,148,96,90,96,117,152,175,91,168,141,158,170,133,174,165,167,98,172,109,157,123,148,116,164,129,149,134,119,177,153,146,138
LTN,GLA,AM,131,155,105,117,174,109,158,166,110,136,96,171,142,178,127,101,170,87,101,145,114,98,129,136,142,156,155,166,125,100,159,129,169,144,106,90,129,135,151,139,135,122,175,128,154,127,104,136,107,96,102,159,156,111,98,109,121,113,91,99,173,92,154,94,87,159,85,157,163,142,166,91,123,152,123,156,113,102,131,167,124,146,128,139,95,179,126,169,169,97
LTN,GLA,AM,127,134,138,96,90,158,168,94,104,110,100,156,92,154,134,173,168,153,170,175,92,126,88,107,160,153,150,127,171,107,172,170,128,146,149,97,141,127,127,134,152,113,142,101,136,151,150,118,156,129,128,175,109,144,109,145,115,119,93,131,178,167,179,175,134,167,173,132,175,160,105,173,130,94,117,118,180,165,114,164,126,111,148,152,129,134,134,173,121,101
LTN,GLA,PM,163,133,174,139,173,119,119,109,112,170,103,150,176,136,155,167,113,143,155,127,125,107,149,104,164,150,137,176,95,119,85,124,107,174,155,170,94,157,113,156,165,123,158,137,132,86,174,143,158,132,168,146,168,166,116,180,105,154,90,157,110,123,102,87,152,159,176,92,111,135,175,127,151,115,126,161,110,130,155,127,152,91,180,154,122,160,143,101,99,150
LTN,GLA,PM,164,114,104,111,89,178,177,168,138,89,85,119,148,137,133,141,126,132,94,135,177,180,150,158,173,89,156,178,90,103,88,180,102,178,161,138,120,87,173,170,152,151,126,116,90,95,106,158,160,117,144,85,162,124,145,87,155,105,91,133,172,128,159,158,121,180,110,151,153,111,141,172,117,139,172,98,179,107,136,154,118,154,99,92,178,159,137,125,161,157
LTN,GLA,PM,175,164,179,119,90,161,144,106,141,131,143,131,96,168,177,90,156,113,133,144,170,130,163,178,99,117,171,153,120,158,117,150,93,104,110,174,119,128,127,114,148,120,164,96,114,89,143,164,154,165,151,139,161,133,168,104,123,132,88,86,144,109,98,159,113,113,161,163,106,144,141,145,152,178,164,154,128,166,100,159,151,175,174,164,87,123,107,145,109,153
LTN,GLA,PM,106,112,135,138,143,111,99,178,161,102,102,139,118,138,102,146,131,117,103,94,132,117,98,155,147,179,87,166,131,121,138,151,121,96,152,99,89,165,157,86,168,144,125,107,177,146,96,149,104,144,162,167,114,152,90,98,134,139,162,118,162,158,104,177,93,155,108,130,85,119,153,138,117,135,102,100,137,138,100,153,114,135,151,106,91,96,95,174,153,91
LTN,GLA,PM,157,111,141,88,103,148,134,99,85,87,157,159,152,148,136,175,87,127,110,125,170,118,110,110,178,123,116,125,142,92,142,88,104,102,137,113,101,126,138,109,139,99,171,120,158,92,159,175,161,114,126,178,137,146,109,166,164,160,129,134,174,108,142,125,98,146,105,143,166,156,116,161,134,122,141,147,106,108,154,172,100,106,175,166,115,108,127,98,97,155
MAN ,DUB,AM,165,111,100,159,126,92,107,144,108,139,86,97,130,150,89,170,179,99,99,165,93,121,116,139,160,113,122,146,172,94,128,106,94,144,170,173,96,122,102,130,97,132,165,94,154,101,140,119,117,142,180,113,151,98,137,165,103,132,173,163,105,133,96,91,110,123,141,176,130,134,118,154,150,166,177,134,128,124,154,120,127,156,104,157,112,137,103,116,95,122
MAN ,DUB,AM,86,88,153,133,86,110,98,148,110,127,95,137,160,132,176,163,98,173,135,135,100,150,178,102,162,128,176,124,122,143,94,126,144,144,140,90,156,95,163,100,90,164,177,171,109,153,109,163,93,92,95,108,173,94,176,160,123,110,147,126,95,165,167,171,101,142,118,149,142,129,89,127,147,86,105,117,159,157,173,153,168,163,177,121,145,167,177,111,141,169
MAN ,DUB,PM,133,162,141,161,140,101,160,114,104,168,178,91,117,150,167,127,115,128,103,145,155,89,109,94,122,170,96,127,152,162,101,100,98,178,118,103,93,85,85,105,123,166,99,157,146,86,153,160,90,124,137,107,118,160,131,102,111,155,110,101,122,171,116,180,93,135,90,142,135,88,143,130,144,170,161,98,129,110,120,120,87,90,98,167,95,117,144,134,114,103
MAN ,DUB,PM,97,133,87,124,130,101,149,172,98,106,151,114,129,168,103,153,110,109,124,105,135,94,87,151,152,141,168,169,90,133,157,127,145,165,118,153,177,99,105,98,88,147,98,103,171,130,120,125,159,172,144,99,126,112,157,164,110,165,119,126,141,125,145,168,104,135,102,149,129,113,129,178,177,147,136,150,136,97,149,165,157,170,92,86,160,88,98,90,149,157
MAN ,DUB,PM,120,89,124,120,175,141,131,93,92,151,109,171,117,91,107,113,153,176,131,118,129,89,174,126,151,104,166,162,156,94,106,142,154,160,142,176,112,139,131,102,102,142,91,91,116,110,97,115,167,119,150,126,171,150,173,107,114,132,153,122,180,154,155,98,104,109,154,88,174,91,122,149,99,89,168,140,100,142,154,114,146,161,107,98,124,105,155,134,166,110
MAN ,DUB,PM,174,151,111,168,98,121,180,121,169,136,141,147,141,114,92,177,136,118,178,168,129,114,130,151,131,95,131,95,112,176,136,168,160,105,147,89,160,110,109,108,152,142,110,173,159,137,87,171,155,88,94,166,132,160,150,179,99,107,135,140,89,163,122,132,91,109,120,103,160,87,166,122,146,147,114,180,165,133,147,124,109,122,137,98,158,90,107,88,88,121
MAN ,DUB,PM,88,117,147,103,108,176,163,98,164,163,152,180,123,115,180,134,125,160,114,160,93,136,100,93,138,88,105,116,151,117,180,148,165,91,99,166,119,88,175,133,144,170,106,149,95,138,165,104,134,121,155,129,146,128,162,85,109,115,146,100,138,179,99,157,132,111,149,134,88,116,165,135,147,127,163,117,180,102,134,144,120,95,110,142,108,176,132,97,125,93
MAN ,EDI,AM,110,140,152,141,87,106,146,142,114,172,136,107,131,149,119,154,146,124,172,143,169,110,171,147,130,98,169,174,179,118,117,132,95,117,112,131,170,98,89,116,126,101,140,134,108,102,97,134,111,121,141,161,130,169,103,94,144,168,149,125,143,167,136,135,136,110,127,131,113,113,87,95,96,98,116,157,101,170,121,112,149,137,159,162,102,126,114,100,88,100
MAN ,EDI,AM,115,140,122,114,113,147,159,135,90,159,87,147,150,149,174,92,152,164,170,105,87,119,141,151,134,150,107,119,145,164,109,128,174,85,177,157,177,114,99,164,151,153,106,133,126,168,85,166,85,126,129,121,129,164,179,136,169,146,114,118,111,102,148,133,118,178,125,95,122,175,85,99,100,153,101,136,126,90,140,169,165,142,106,142,153,88,129,133,100,152
MAN ,EDI,AM,176,95,180,95,171,89,170,151,166,93,149,115,115,155,148,175,95,124,156,117,171,120,112,136,92,127,110,109,89,120,117,164,137,90,172,100,138,118,125,153,122,172,118,87,124,119,111,114,130,172,121,123,102,163,90,160,162,180,154,143,102,129,153,117,96,94,153,128,110,129,104,147,90,111,146,166,146,133,114,116,98,114,129,153,110,142,93,175,149,150
MAN ,EDI,PM,170,180,154,103,136,102,148,150,115,102,111,96,128,161,162,112,92,104,151,86,160,119,144,92,159,131,161,125,159,112,90,154,144,100,123,156,159,101,149,89,93,113,156,103,156,108,143,159,162,144,172,121,156,132,161,154,173,145,92,111,162,122,169,159,137,99,144,110,155,174,141,95,123,159,96,140,161,128,160,128,151,161,149,141,179,170,106,105,86,145
MAN ,EDI,PM,122,151,109,97,149,126,98,134,100,93,165,124,161,106,137,168,140,111,109,161,110,135,160,152,103,87,152,90,121,130,95,122,121,149,85,121,174,146,106,90,99,120,173,106,146,170,141,122,95,125,165,107,158,98,125,101,129,148,179,166,173,130,165,139,118,167,85,117,143,97,101,101,140,137,168,131,152,105,162,92,97,128,149,92,99,127,102,129,131,123
MAN ,EDI,PM,150,133,139,163,149,166,135,95,86,110,149,154,102,97,124,139,151,136,159,127,174,121,157,133,169,125,118,120,90,156,111,178,147,120,85,158,90,173,137,123,144,109,91,125,112,108,106,160,111,138,137,176,173,108,162,128,110,147,153,105,118,87,152,174,87,119,105,171,94,106,110,178,110,141,148,149,152,145,133,180,88,110,166,172,157,111,128,168,169,111
MAN ,EDI,PM,140,176,145,119,96,127,176,121,116,163,85,146,169,118,167,120,140,132,125,134,150,94,156,140,101,141,106,129,150,154,123,87,154,153,102,179,112,108,89,108,120,110,164,117,140,96,126,172,117,88,96,160,104,143,128,165,106,152,140,105,104,162,97,155,180,99,148,105,121,126,144,149,177,179,168,98,159,165,170,114,174,157,166,168,145,151,134,88,109,89
MAN ,GLA,AM,138,147,96,176,172,112,170,161,120,105,141,94,160,122,87,169,93,168,93,91,118,88,149,110,91,119,144,90,115,88,157,146,175,94,133,144,150,161,116,151,175,158,129,120,178,120,124,160,133,132,170,144,125,106,127,176,111,107,92,132,123,152,93,109,104,112,152,125,162,132,152,123,163,95,176,92,94,157,178,138,118,115,88,156,154,165,177,143,145,143
MAN ,GLA,AM,133,175,88,133,157,97,177,103,142,135,106,154,159,90,104,179,134,101,137,126,100,161,160,141,119,132,92,147,100,87,138,103,178,138,102,123,120,170,141,150,101,91,177,173,158,87,171,87,129,143,117,177,135,166,161,92,177,89,134,103,93,159,99,164,180,119,174,141,94,153,148,140,165,146,156,169,86,173,100,108,154,178,118,121,128,103,148,156,111,174
MAN ,GLA,AM,132,86,109,157,140,172,125,135,167,113,174,167,164,154,174,141,124,175,91,109,108,141,99,92,144,157,86,122,170,134,98,173,176,101,159,135,140,145,85,164,142,146,90,110,85,153,151,160,119,121,95,175,109,101,175,103,138,121,88,164,125,171,145,105,111,89,93,172,110,110,165,161,86,104,140,149,172,93,174,86,123,169,94,137,141,139,155,146,152,118
MAN ,GLA,AM,153,102,118,104,126,136,115,107,179,143,130,96,169,95,129,125,143,170,174,178,96,110,102,129,142,97,91,145,156,94,127,132,94,131,148,176,101,135,158,99,130,180,118,141,171,127,89,131,173,135,95,151,143,172,127,98,168,94,94,105,153,132,97,119,87,146,163,140,111,122,164,134,177,124,89,176,109,126,158,176,114,97,102,125,94,145,169,165,99,112
MAN ,GLA,AM,100,94,124,171,115,86,97,136,166,164,117,165,129,108,115,98,174,136,147,158,99,150,95,160,122,95,164,99,139,168,85,140,149,138,173,178,146,117,125,178,101,117,106,116,171,164,178,145,179,179,131,86,143,97,104,131,100,162,150,148,145,110,144,144,134,159,121,133,108,126,130,174,119,144,152,132,96,112,107,159,123,155,97,111,94,128,98,147,111,112
MAN ,GLA,AM,115,144,105,94,109,136,109,146,124,158,122,178,108,146,143,103,170,167,144,154,180,89,139,173,139,142,152,98,93,104,88,98,94,90,163,155,92,109,128,100,144,129,170,86,96,131,91,172,173,113,178,154,115,177,85,166,146,158,122,129,167,101,138,157,86,85,117,114,86,146,169,159,122,94,136,143,125,141,144,100,156,115,156,128,175,175,127,150,133,146
MAN ,GLA,AM,98,141,132,139,151,121,140,178,107,85,161,117,94,159,96,168,108,146,170,147,137,105,141,164,132,160,146,132,86,113,178,138,86,139,98,113,145,148,96,162,123,116,155,157,109,128,144,103,174,150,179,156,109,93,147,136,107,133,110,162,89,146,94,157,165,162,119,109,150,106,169,121,112,97,99,158,126,146,94,174,151,86,117,108,135,180,104,106,102,90
MAN ,GLA,AM,139,105,147,163,111,88,106,119,141,142,109,95,105,118,107,158,114,165,143,96,174,167,110,87,155,171,125,111,123,153,147,160,129,169,164,120,103,116,163,133,132,168,163,86,170,167,153,176,103,139,178,88,120,154,95,168,98,96,109,165,159,120,173,104,170,120,124,127,171,118,176,149,125,142,109,107,96,151,151,156,92,104,124,167,147,121,176,100,104,153
MAN ,GLA,AM,169,121,144,115,156,142,107,153,135,128,124,148,96,114,140,120,127,108,166,177,106,142,111,153,88,129,140,180,168,127,110,154,158,148,111,157,124,101,92,149,154,180,102,137,123,150,127,128,176,87,163,120,132,179,167,161,129,176,128,117,167,111,153,94,124,167,175,132,167,151,111,106,85,134,141,165,99,87,142,103,168,141,173,109,87,164,126,102,129,90
MAN ,GLA,PM,137,171,96,107,160,159,176,163,164,164,179,108,133,104,96,165,121,147,123,85,170,126,155,152,147,115,95,98,92,160,165,177,151,100,94,166,125,171,88,133,125,135,154,93,169,180,162,164,142,94,107,97,113,132,99,172,109,100,105,101,157,177,97,102,115,135,130,177,125,137,95,160,97,92,104,157,85,112,170,141,147,125,108,142,117,97,103,141,128,164
MAN ,GLA,PM,129,114,110,119,137,163,105,152,170,108,142,126,107,106,171,149,118,166,128,137,168,173,119,136,96,121,152,135,158,150,151,166,135,108,128,129,127,100,146,126,159,137,151,157,131,177,111,162,127,100,94,152,160,163,91,95,156,148,148,167,111,97,121,158,86,105,105,96,130,129,86,115,86,172,175,157,145,165,111,171,159,148,162,134,94,131,126,153,88,174
MAN ,GLA,PM,123,162,101,122,165,127,128,123,123,179,136,112,171,172,177,110,177,89,106,157,116,139,177,121,99,123,131,177,172,86,126,119,157,102,114,117,147,132,143,178,111,88,139,134,131,178,163,149,134,171,95,169,105,147,175,133,175,151,119,144,172,89,172,94,111,115,85,98,164,115,134,123,86,157,102,141,175,88,125,98,126,171,165,91,154,117,117,106,158,90
MAN ,GLA,PM,131,148,127,92,102,93,122,130,135,166,117,153,90,116,100,128,172,97,121,130,125,170,153,138,107,143,129,119,139,171,174,147,144,116,178,115,163,156,98,121,176,168,112,127,178,111,145,96,168,175,132,169,134,123,118,115,100,93,133,152,174,136,123,143,167,158,128,147,167,143,162,148,112,177,175,94,145,151,122,176,170,140,113,98,159,147,173,176,134,103
